16263,z,bushsides
16680,x,bushsides
17127,z,bushsides
17613,x,bushsides
18080,z,bushsides
18611,x,bushsides
19120,z,bushsides
19630,x,bushsides
20140,z,bushsides
20660,x,bushsides
21096,z,bushsides
21613,x,bushsides
22102,z,bushsides
22607,x,bushsides
23145,z,bushsides
23663,x,bushsides
24116,z,bushsides
24637,x,bushsides
25151,z,bushsides
25643,x,bushsides
26170,z,bushsides
26627,x,bushsides
27143,z,bushsides
27660,x,bushsides
28130,end,bushsides off
28136,z,iciclesides
29207,z,iciclesides
29682,z,iciclesides
30211,z,iciclesides
30686,z,iciclesides
31203,z,iciclesides
31721,z,iciclesides
32166,z,iciclesides
32653,z,iciclesides
33130,z,iciclesides
33653,z,iciclesides
34150,z,iciclesides
34665,z,iciclesides
35103,z,iciclesides
35616,z,iciclesides
36167,z,iciclesides
36665,z,iciclesides
37168,z,iciclesides
37637,z,iciclesides
38125,z,iciclesides
38611,z,iciclesides
39128,z,iciclesides
39609,z,iciclesides
40158,z,iciclesides
40675,z,iciclesides
41142,z,iciclesides
41649,z,iciclesides
42177,z,iciclesides
42682,z,iciclesides
43182,z,iciclesides
43645,z,iciclesides
44131,z,iciclesides
44630,z,iciclesides
45147,z,iciclesides
45624,z,iciclesides
46158,z,iciclesides
46618,z,iciclesides
47143,z,iciclesides
47653,z,iciclesides
48138,z,iciclesides
48627,z,iciclesides
49134,z,iciclesides
49620,z,iciclesides
50069,z,iciclesides
50583,z,iciclesides
51104,z,iciclesides
51613,z,iciclesides
52128,z,iciclesides off
70133,z,
70940,z,
71650,z,
72200,z,
72798,z,
73264,z,
73918,z,
74402,z,
74722,z,
75537,z,
76244,z,
76935,z,
77401,z,
77717,z,
78533,z,
79244,z,
79795,z,
80244,z,
80503,z,
81212,z,
82164,z,
82955,z,
83433,z,
83692,z,
84154,z,
84407,z,
85210,z,
85900,z,
86752,z,
94424,z,iciclesides
94736,z,iciclesides
95164,z,iciclesides
95641,z,iciclesides
96164,z,iciclesides
96652,z,iciclesides
97158,z,iciclesides
97648,z,iciclesides
98116,z,iciclesides
98638,z,iciclesides
99130,z,iciclesides
99653,z,iciclesides
100164,z,iciclesides
100689,z,iciclesides
101143,z,iciclesides
101642,z,iciclesides
102168,z,iciclesides
102666,z,iciclesides
103083,z,iciclesides
103617,z,iciclesides
104131,z,iciclesides
104599,z,iciclesides
105104,z,iciclesides
105669,z,iciclesides
106186,z,iciclesides
106670,z,iciclesides
107146,z,iciclesides
107670,z,iciclesides
108146,z,iciclesides
108646,z,iciclesides
109132,z,iciclesides
109629,z,iciclesides
110095,z,iciclesides
110604,z,iciclesides
111133,z,iciclesides
111675,z,iciclesides
112194,z,iciclesides
112670,z,iciclesides
113139,z,iciclesides
113626,z,iciclesides
114111,z,iciclesides
114619,z,iciclesides
115160,z,iciclesides
115663,z,iciclesides
116130,z,iciclesides
116650,z,iciclesides
117131,z,iciclesides
117557,z,iciclesides
118078,z,iciclesides off
196235,z,iciclesides
196721,z,iciclesides
197252,z,iciclesides
197706,z,iciclesides
198191,z,iciclesides
198688,z,iciclesides
199178,z,iciclesides
199636,z,iciclesides
200047,z,iciclesides
200598,z,iciclesides
201128,z,iciclesides
201637,z,iciclesides
202154,z,iciclesides
202681,z,iciclesides
203098,z,iciclesides
203638,z,iciclesides
204119,z,iciclesides
204616,z,iciclesides
205130,z,iciclesides
205671,z,iciclesides
206149,z,iciclesides
206633,z,iciclesides
207111,z,iciclesides
207567,z,iciclesides
208137,z,iciclesides off
