15543,q,wreath,,,
15817,q,wreath,,,
16206,q,wreath,,,
16641,q,wreath,,,
17099,q,wreath,,,
17555,q,wreath,,,
18031,q,wreath,,,
18509,q,wreath,,,
18955,q,wreath,,,
19396,q,wreath,,,
19828,q,wreath,,,
20264,q,wreath,,,
20685,q,wreath,,,
21118,q,wreath,,,
21578,q,wreath,,,
22042,q,wreath,,,
22491,q,wreath,,,
22936,q,wreath,,,
23363,q,wreath,,,
23812,q,wreath,,,
24261,q,wreath,,,
24729,q,wreath,,,
25192,q,wreath,,,
25620,q,wreath,,,
26099,q,wreath,,,
26532,q,wreath,,,
26993,q,wreath,,,
27447,q,wreath,,,
27881,q,wreath,,,
28310,q,wreath,,,
28755,q,wreath,,,
29225,q,wreath,,,
29651,q,wreath,,,
30077,q,wreath,,,
30541,q,wreath,,,
31001,q,wreath,,,
31448,q,wreath,,,
31913,q,wreath,,,
32364,q,wreath,,,
32790,q,wreath,,,
33247,q,wreath,,,
33670,q,wreath,,,
34130,q,wreath,,,
34589,q,wreath,,,
35057,q,wreath,,,
35515,q,wreath,,,
35983,q,wreath,,,
36387,q,wreath,,,
36826,q,wreath,,,
37242,q,wreath,,,
37704,q,wreath,,,
38172,q,wreath,,,
38642,q,wreath,,,
39058,q,wreath,,,
39505,q,wreath,,,
39980,q,wreath,,,
40403,q,wreath,,,
40836,q,wreath,,,
41312,q,wreath,,,
41717,q,wreath,,,
42169,q,wreath,,,
42610,q,wreath,,,
43089,q,wreath,,,
43567,q,wreath,,,
43993,w,wreath,,,
44440,e,wreath,,,
44919,w,wreath,,,
45366,e,wreath,,,
45822,w,wreath,,,
46257,e,wreath,,,
46674,w,wreath,,,
47134,e,wreath,,,
47540,w,wreath,,,
47983,e,wreath,,,
48472,w,wreath,,,
48919,e,wreath,,,
49323,w,wreath,,,
49788,e,wreath,,,
50239,w,wreath,,,
50654,e,wreath,,,
51124,w,wreath,,,
51590,e,wreath,,,
52056,w,wreath,,,
52501,e,wreath,,,
52950,w,wreath,,,
53355,e,wreath,,,
53811,w,wreath,,,
54240,e,wreath,,,
54697,w,wreath,,,
55158,e,wreath,,,
55629,w,wreath,,,
56054,e,wreath,,,
56472,w,wreath,,,
56938,e,wreath,,,
57389,w,wreath,,,
57836,e,wreath,,,
58290,w,wreath,,,
58737,e,wreath,,,
59187,w,wreath,,,
59679,e,wreath,,,
60145,w,wreath,,,
60591,e,wreath,,,
61015,w,wreath,,,
61452,e,wreath,,,
61879,w,wreath,,,
62350,e,wreath,,,
62784,w,wreath,,,
63213,e,wreath,,,
63657,w,wreath,,,
64125,e,wreath,,,
64564,w,wreath,,,
64987,e,wreath,,,
65422,w,wreath,,,
65926,e,wreath,,,
66387,w,wreath,,,
66864,e,wreath,,,
67302,w,wreath,,,
67735,e,wreath,,,
68186,w,wreath,,,
68612,e,wreath,,,
69061,w,wreath,,,
69557,e,wreath,,,
69996,w,wreath,,,
70439,e,wreath,,,
70865,w,wreath,,,
71347,e,wreath,,,
71783,w,wreath,,,
72226,e,wreath,,,
72646,w,wreath,,,
73094,e,wreath,,,
73529,w,wreath,,,
73947,e,wreath,,,
74412,w,wreath,,,
74847,e,wreath,,,
75361,w,wreath,,,
75857,e,wreath,,,
76240,a,columns on,wreath off,,
77531,s,c1 off,c2 on,c3 off,c4 off
77775,d,c2 off,c3 on,,
77989,f,c4 on,wait 1000 c4 off,c3 off,
79857,a,columns reset,columns,,
81004,s,columns,,,
81406,d,columns,,,
81618,f,columns,wait 1000 columns off,,
83426,a,columns reset,columns,,
84511,s,columns,,,
84921,d,columns,,,
85208,f,columns,wait 1000 columns off,,
87006,a,columns reset,columns,,
88126,s,columns,,,
88532,d,columns,,,
88763,f,columns,wait 1000 columns off,,
90571,a,columns reset,columns,,
91771,s,columns,,,
92085,d,columns,,,
92351,f,columns,wait 1000 columns off,,
94187,a,columns reset,columns,,
95319,s,columns,,,
95687,d,columns,,,
95940,f,columns,wait 1000 columns off,,
97767,a,columns reset,columns,,
98881,s,columns,,,
99270,d,columns,,,
99542,f,columns,wait 1000 columns off,,
101325,a,columns reset,columns,,
102474,s,columns,,,
102861,d,columns,,,
103087,f,columns,wait 1000 columns off,,
140726,a,columns on,,,
141849,s,c1 off,c2 on,c3 off,c4 off
142199,d,c2 off,c3 on,,
142434,f,c4 on,wait 1000 c4 off,c3 off,
144295,a,columns reset,columns,,
145467,s,columns,,,
145869,d,columns,,,
146093,f,columns,wait 1000 columns off,,
147887,a,columns reset,columns,,
149025,s,columns,,,
149378,d,columns,,,
149634,f,columns,wait 1000 columns off,,
151495,a,columns reset,columns,,
152603,s,columns,,,
153007,d,columns,,,
153225,f,columns,wait 1000 columns off,,
155124,a,columns reset,columns,,
156212,s,columns,,,
156578,d,columns,,,
156792,f,columns,wait 1000 columns off,,
158628,a,columns reset,columns,,
159727,s,columns,,,
160162,d,columns,,,
160416,f,columns,wait 1000 columns off,,
162195,a,columns reset,columns,,
163396,s,columns,,,
163739,d,columns,,,
163986,f,columns,wait 1000 columns off,,
165765,a,columns reset,columns,,
166903,s,columns,,,
167295,d,columns,,,
167556,f,columns,wait 1000 columns off,,
226750,a,columns on,,,
227857,s,c1 off,c2 on,c3 off,c4 off
228199,d,c2 off,c3 on,,
228431,f,c4 on,wait 1000 c4 off,c3 off,
230266,a,columns reset,columns,,
231424,s,columns,,,
231747,d,columns,,,
232035,f,columns,wait 1000 columns off,,
233856,a,columns reset,columns,,
234989,s,columns,,,
235365,d,columns,,,
235626,f,columns,wait 1000 columns off,,
237430,a,columns reset,columns,,
238538,s,columns,,,
238913,d,columns,,,
239181,f,columns,wait 1000 columns off,,
241018,a,columns reset,columns,,
242178,s,columns,,,
242546,d,columns,,,
242778,f,columns,wait 1000 columns off,,
244606,a,columns reset,columns,,
245760,s,columns,,,
246147,d,columns,,,
246392,f,columns,wait 1000 columns off,,
248206,a,columns reset,columns,,
249302,s,columns,,,
249727,d,columns,,,
249995,f,columns,wait 1000 columns off,,
251777,a,columns reset,columns,,
252885,s,columns,,,
253273,d,columns,,,
253538,f,columns,wait 1000 columns off,,
108587,q,wreath,,,
108914,w,wreath,,,
109389,q,wreath,,,
109841,w,wreath,,,
110299,q,wreath,,,
110744,w,wreath,,,
111144,q,wreath,,,
111606,w,wreath,,,
112046,q,wreath,,,
112475,w,wreath,,,
112903,q,wreath,,,
113361,w,wreath,,,
113814,q,wreath,,,
114317,w,wreath,,,
114743,q,wreath,,,
115200,w,wreath,,,
115641,q,wreath,,,
116099,w,wreath,,,
116573,q,wreath,,,
117018,w,wreath,,,
117466,q,wreath,,,
117931,w,wreath,,,
118327,q,wreath,,,
118760,w,wreath,,,
119220,q,wreath,,,
119687,w,wreath,,,
120149,q,wreath,,,
120578,w,wreath,,,
121002,q,wreath,,,
121473,w,wreath,,,
121942,q,wreath,,,
122372,w,wreath,,,
122814,q,wreath,,,
123279,w,wreath,,,
123724,q,wreath,,,
124211,w,wreath,,,
124609,q,wreath,,,
125091,w,wreath,,,
125513,q,wreath,,,
125999,w,wreath,,,
126417,q,wreath,,,
126862,w,wreath,,,
127298,q,wreath,,,
127748,w,wreath,,,
128211,q,wreath,,,
128659,w,wreath,,,
129102,q,wreath,,,
129566,w,wreath,,,
130003,q,wreath,,,
130476,w,wreath,,,
130874,q,wreath,,,
131344,w,wreath,,,
131782,q,wreath,,,
132248,w,wreath,,,
132692,q,wreath,,,
133096,w,wreath,,,
133548,q,wreath,,,
134005,w,wreath,,,
134446,q,wreath,,,
134884,w,wreath,,,
135320,q,wreath,,,
135787,w,wreath,,,
136268,q,wreath,,,
136710,w,wreath,,,
137162,q,wreath,,,
137585,w,wreath,,,
138037,q,wreath,,,
138483,w,wreath,,,
138947,q,wreath,,,
139344,w,wreath,,,
139838,q,wreath,,,
140260,w,wreath,wait 600 wreath off,,
183728,q,wreath,,,
184130,w,wreath,,,
184554,q,wreath,,,
185014,w,wreath,,,
185487,q,wreath,,,
185933,w,wreath,,,
186377,q,wreath,,,
186841,w,wreath,,,
187281,q,wreath,,,
187752,w,wreath,,,
188198,q,wreath,,,
188644,w,wreath,,,
189089,q,wreath,,,
189557,w,wreath,,,
189977,q,wreath,,,
190409,w,wreath,,,
190889,q,wreath,,,
191312,w,wreath,,,
191747,q,wreath,,,
192198,w,wreath,,,
192669,q,wreath,,,
193129,w,wreath,,,
193534,q,wreath,,,
193954,w,wreath,,,
194401,q,wreath,,,
194839,w,wreath,,,
195263,q,wreath,,,
195717,w,wreath,,,
196222,q,wreath,,,
196638,w,wreath,,,
197061,q,wreath,,,
197538,w,wreath,,,
198002,q,wreath,,,
198470,w,wreath,,,
198959,q,wreath,,,
199401,w,wreath,,,
199847,q,wreath,,,
200260,w,wreath,,,
200703,q,wreath,,,
201099,w,wreath,,,
201584,q,wreath,,,
202005,w,wreath,,,
202401,q,wreath,,,
202896,w,wreath,,,
203367,q,wreath,,,
203808,w,wreath,,,
204269,q,wreath,,,
204764,w,wreath,,,
205230,q,wreath,,,
205655,w,wreath,,,
206097,q,wreath,,,
206561,w,wreath,,,
206972,q,wreath,,,
207444,w,wreath,,,
207898,q,wreath,,,
208262,w,wreath,,,
208706,q,wreath,,,
209116,w,wreath,,,
209533,q,wreath,,,
209969,w,wreath,,,
210494,q,wreath,,,
210951,w,wreath,,,
211424,q,wreath,,,
211893,w,wreath,,,
212376,q,wreath,,,
212803,w,wreath,,,
213244,q,wreath,,,
213690,w,wreath,,,
214102,q,wreath,,,
214513,w,wreath,,,
214953,q,wreath,,,
215439,w,wreath,,,
215954,q,wreath,,,
216334,w,wreath,,,
216773,q,wreath,,,
217204,w,wreath,,,
217599,q,wreath,,,
218019,w,wreath,,,
218519,q,wreath,,,
219016,w,wreath,,,
219487,q,wreath,,,
219944,w,wreath,,,
220344,q,wreath,,,
220773,w,wreath,,,
221251,q,wreath,,,
221734,w,wreath,,,
222183,q,wreath,,,
222634,w,wreath,,,
223073,q,wreath,,,
223490,w,wreath,,,
223933,q,wreath,,,
224426,w,wreath,wait 600 wreath off,,
226719,q,wreath,,,
227150,q,wreath,,,
227566,q,wreath,,,
228014,q,wreath,,,
228437,q,wreath,,,
228898,q,wreath,,,
229338,q,wreath,,,
229796,q,wreath,,,
230264,q,wreath,,,
230688,q,wreath,,,
231162,q,wreath,,,
231544,q,wreath,,,
231983,q,wreath,,,
232440,q,wreath,,,
232949,q,wreath,,,
233398,q,wreath,,,
233826,q,wreath,,,
234303,q,wreath,,,
234742,q,wreath,,,
235221,q,wreath,,,
235651,q,wreath,,,
236072,q,wreath,,,
236519,q,wreath,,,
236960,q,wreath,,,
237445,q,wreath,,,
237894,q,wreath,,,
238346,q,wreath,,,
238833,q,wreath,,,
239257,q,wreath,,,
239686,q,wreath,,,
240124,q,wreath,,,
240561,q,wreath,,,
240998,q,wreath,,,
241438,q,wreath,,,
241884,q,wreath,,,
242327,q,wreath,,,
242811,q,wreath,,,
243249,q,wreath,,,
243695,q,wreath,,,
244128,q,wreath,,,
244617,q,wreath,,,
245054,q,wreath,,,
245503,q,wreath,,,
245968,q,wreath,,,
246383,q,wreath,,,
246853,q,wreath,,,
247289,q,wreath,,,
247682,q,wreath,,,
248125,q,wreath,,,
248565,q,wreath,,,
249013,q,wreath,,,
249427,q,wreath,,,
249942,q,wreath,,,
250421,q,wreath,,,
250840,q,wreath,,,
251277,q,wreath,,,
251727,q,wreath,,,
252201,q,wreath,,,
252684,q,wreath,,,
253136,q,wreath,,,
253557,q,wreath,,,
254023,q,wreath,,,
254439,q,wreath,,,
254927,q,wreath,wait 600 wreath off,,
198085,a,bridgebeat 1,,,
199853,a,bridgebeat same,,,
200660,s,bridgebeat up,,,
201597,d,bridgebeat up,,,
203421,d,bridgebeat same,,,
204273,f,bridgebeat up,,,
205179,g,bridgebeat up,,,
207076,g,bridgebeat same,,,
207933,j,bridgebeat up,,,
208795,f,bridgebeat 4,,,
212426,a,bridgebeat 1,,,
214150,a,bridgebeat same,,,
214952,s,bridgebeat up,,,
215920,d,bridgebeat up,,,
217821,d,bridgebeat same,,,
218609,f,bridgebeat up,,,
219511,g,bridgebeat up,,,
221363,g,bridgebeat same,,,
222220,j,bridgebeat up,,,
223146,f,bridgebeat 4,wait 1000 bridgebeat off,,
